-- phpMyAdmin SQL Dump
-- version 5.2.0
-- https://www.phpmyadmin.net/
--
-- Hôte : 127.0.0.1
-- Généré le : dim. 04 déc. 2022 à 19:14
-- Version du serveur : 10.4.24-MariaDB
-- Version de PHP : 8.1.6

SET SQL_MODE = "NO_AUTO_VALUE_ON_ZERO";
START TRANSACTION;
SET time_zone = "+00:00";


/*!40101 SET @OLD_CHARACTER_SET_CLIENT=@@CHARACTER_SET_CLIENT */;
/*!40101 SET @OLD_CHARACTER_SET_RESULTS=@@CHARACTER_SET_RESULTS */;
/*!40101 SET @OLD_COLLATION_CONNECTION=@@COLLATION_CONNECTION */;
/*!40101 SET NAMES utf8mb4 */;

--
-- Base de données : `gestion_cafe`
--

-- --------------------------------------------------------

--
-- Structure de la table `commande`
--

CREATE TABLE `commande` (
  `ref_comm` int(11) NOT NULL,
  `date_comm` datetime DEFAULT current_timestamp() ON UPDATE current_timestamp(),
  `nomSer` varchar(11) NOT NULL
) ENGINE=InnoDB DEFAULT CHARSET=utf8mb4;

--
-- Déchargement des données de la table `commande`
--

INSERT INTO `commande` (`ref_comm`, `date_comm`, `nomSer`) VALUES
(262, '2022-11-20 01:10:06', 'omar'),
(263, '2022-11-20 01:10:37', 'omar'),
(264, '2022-11-20 01:13:31', 'omar'),
(265, '2022-11-21 15:35:06', 'omar'),
(268, '2022-11-21 20:31:10', 'omar'),
(269, '2022-11-26 13:02:23', 'omar'),
(270, '2022-11-26 16:43:37', 'omar'),
(271, '2022-11-26 17:22:31', 'omar'),
(272, '2022-11-26 17:23:20', 'omar'),
(273, '2022-11-26 17:24:18', 'omar'),
(274, '2022-11-26 17:43:21', 'omar'),
(275, '2022-11-26 17:43:50', 'omar'),
(276, '2022-11-26 17:47:09', 'omar'),
(277, '2022-11-26 17:47:26', 'omar'),
(278, '2022-11-26 17:48:38', 'omar'),
(279, '2022-11-26 17:48:45', 'omar'),
(280, '2022-11-26 17:49:14', 'omar'),
(281, '2022-11-26 18:16:10', 'omar'),
(282, '2022-11-26 18:17:45', 'omar'),
(283, '2022-11-26 18:18:43', 'omar'),
(284, '2022-11-26 18:19:28', 'omar'),
(285, '2022-11-26 18:19:52', 'omar'),
(286, '2022-11-26 18:23:56', 'omar'),
(287, '2022-11-26 18:24:29', 'omar'),
(288, '2022-11-26 18:24:53', 'omar'),
(289, '2022-11-26 18:26:25', 'omar'),
(290, '2022-11-26 18:27:06', 'omar'),
(291, '2022-11-26 18:27:30', 'omar'),
(292, '2022-11-26 18:27:47', 'omar'),
(293, '2022-11-26 18:28:05', 'omar'),
(294, '2022-11-26 18:28:25', 'omar'),
(295, '2022-11-26 18:28:44', 'omar'),
(296, '2022-11-26 18:29:05', 'omar'),
(297, '2022-11-26 18:30:14', 'omar'),
(298, '2022-11-26 18:32:25', 'omar'),
(299, '2022-11-26 18:32:49', 'omar'),
(300, '2022-11-26 18:34:23', 'omar'),
(301, '2022-11-26 18:39:11', 'omar'),
(302, '2022-11-26 18:39:16', 'omar'),
(303, '2022-11-26 18:39:46', 'omar'),
(304, '2022-11-26 18:40:05', 'omar'),
(305, '2022-11-26 18:40:21', 'omar'),
(306, '2022-11-26 18:40:41', 'omar'),
(307, '2022-11-26 18:40:51', 'omar'),
(308, '2022-11-26 18:50:19', 'omar'),
(309, '2022-11-26 18:50:25', 'omar'),
(310, '2022-11-26 18:50:50', 'omar'),
(311, '2022-11-26 18:57:47', 'omar'),
(312, '2022-11-26 18:58:51', 'omar'),
(313, '2022-11-26 19:01:24', 'omar'),
(314, '2022-11-26 19:04:19', 'omar'),
(315, '2022-11-26 19:04:52', 'omar'),
(316, '2022-11-26 19:05:06', 'omar'),
(317, '2022-11-26 19:05:30', 'omar'),
(318, '2022-11-26 19:05:49', 'omar'),
(319, '2022-11-26 19:07:04', 'omar'),
(320, '2022-11-26 19:28:10', ''),
(321, '2022-11-26 19:28:46', ''),
(322, '2022-11-26 19:31:11', 'ahmed'),
(323, '2022-11-26 19:34:00', 'abdo'),
(324, '2022-11-26 19:34:38', 'abdo'),
(325, '2022-11-26 19:35:15', 'abdo'),
(326, '2022-11-26 19:35:50', 'abdo'),
(327, '2022-11-26 19:36:09', 'abdo'),
(328, '2022-11-26 19:37:05', 'abdo'),
(329, '2022-11-26 19:37:41', 'abdo'),
(330, '2022-11-26 19:38:51', 'abdo'),
(331, '2022-11-26 19:39:03', 'abdo'),
(332, '2022-11-26 19:39:36', 'abdo'),
(333, '2022-11-26 19:39:49', 'abdo'),
(334, '2022-11-26 19:41:20', 'abdo'),
(335, '2022-11-26 19:41:42', 'abdo'),
(336, '2022-11-26 19:42:00', 'abdo'),
(337, '2022-11-26 19:42:14', 'abdo'),
(338, '2022-11-26 19:45:11', 'abdo'),
(339, '2022-11-26 19:47:12', 'abdo'),
(340, '2022-11-26 19:47:42', 'abdo'),
(341, '2022-11-26 19:48:48', 'abdo'),
(342, '2022-11-26 19:53:02', 'abdo'),
(343, '2022-11-26 19:54:35', 'abdessamed'),
(344, '2022-11-26 19:57:53', 'abdessamed'),
(345, '2022-11-26 19:58:31', 'omar'),
(346, '2022-11-26 19:59:05', 'omar'),
(347, '2022-11-26 20:01:55', 'ABDELKBIR'),
(348, '2022-11-26 20:05:19', 'ABDELKBIR'),
(349, '2022-11-26 20:05:28', 'omar'),
(350, '2022-11-26 20:06:46', 'omar'),
(351, '2022-11-26 20:07:43', 'omar'),
(352, '2022-11-26 20:08:14', 'omar'),
(353, '2022-11-26 20:08:46', 'omar'),
(354, '2022-11-26 20:09:19', 'abdo'),
(355, '2022-11-26 20:19:31', 'omar'),
(359, '2022-11-26 21:00:30', 'omar'),
(360, '2022-11-26 21:01:26', 'omar'),
(361, '2022-11-26 21:12:55', 'ABDELKBIR'),
(362, '2022-11-28 00:12:09', 'abdessamed'),
(363, '2022-11-28 00:12:48', 'abdessamed'),
(364, '2022-11-28 00:15:57', 'abdessamed'),
(365, '2022-11-28 00:16:40', 'omar'),
(366, '2022-11-28 00:17:51', 'omar'),
(367, '2022-11-28 00:20:18', 'omar'),
(368, '2022-11-28 00:22:23', 'omar'),
(369, '2022-11-28 00:27:29', 'omar'),
(370, '2022-11-28 00:29:11', 'omar'),
(371, '2022-11-28 00:31:00', 'ahmed'),
(372, '2022-11-28 00:32:47', 'omar'),
(373, '2022-11-28 00:57:34', 'ahmed'),
(374, '2022-11-28 01:00:46', 'omar'),
(375, '2022-11-28 01:02:03', 'omar'),
(376, '2022-11-28 01:02:33', 'omar'),
(377, '2022-11-28 01:04:02', 'omar'),
(378, '2022-11-28 01:04:18', 'omar'),
(379, '2022-11-28 01:05:10', 'omar'),
(380, '2022-11-28 01:05:18', 'omar'),
(381, '2022-11-28 20:52:11', 'omar'),
(382, '2022-11-28 20:52:44', 'omar'),
(383, '2022-11-28 20:54:44', 'omar'),
(384, '2022-11-28 20:56:58', 'omar'),
(385, '2022-12-02 19:08:39', 'omar'),
(386, '2022-12-01 19:20:03', 'omar'),
(387, '2022-12-02 19:18:30', 'omar'),
(388, '2022-12-02 19:20:36', 'omar'),
(389, '2022-12-02 19:21:47', 'omar'),
(390, '2022-12-02 19:24:33', 'omar'),
(391, '2022-12-02 19:27:55', 'omar'),
(392, '2022-12-02 19:28:35', 'omar'),
(393, '2022-12-02 19:29:31', 'omar'),
(394, '2022-12-02 19:30:20', 'omar'),
(395, '2022-12-02 19:31:28', 'omar'),
(396, '2022-12-02 19:32:27', 'omar'),
(397, '2022-12-02 19:33:23', 'omar'),
(398, '2022-12-02 19:33:48', 'omar'),
(399, '2022-12-02 19:34:44', 'omar'),
(400, '2022-12-02 19:34:57', 'omar'),
(401, '2022-12-02 19:37:10', 'omar'),
(402, '2022-12-02 19:37:16', 'omar'),
(403, '2022-12-02 19:37:29', 'omar'),
(404, '2022-12-02 19:38:13', 'omar'),
(405, '2022-12-02 19:38:53', 'abdessamed'),
(406, '2022-12-02 19:41:19', 'omar'),
(407, '2022-12-02 19:42:22', 'omar'),
(408, '2022-12-02 19:42:43', 'omar'),
(409, '2022-12-02 19:43:08', 'omar'),
(410, '2022-12-02 19:45:41', 'omar'),
(411, '2022-12-02 19:46:42', 'omar'),
(412, '2022-12-02 19:47:18', 'omar'),
(413, '2022-12-02 19:55:36', 'omar'),
(414, '2022-12-02 19:57:01', 'omar'),
(415, '2022-12-02 19:58:24', 'omar'),
(416, '2022-12-02 19:59:28', 'omar'),
(417, '2022-12-02 19:59:52', 'omar'),
(418, '2022-12-02 20:00:24', 'omar'),
(419, '2022-12-02 20:00:33', 'omar'),
(420, '2022-12-02 20:01:30', 'omar'),
(421, '2022-12-02 20:26:46', 'omar'),
(422, '2022-12-02 20:27:29', 'omar'),
(423, '2022-12-02 20:27:44', 'omar'),
(424, '2022-12-02 20:28:00', 'omar'),
(425, '2022-12-02 20:29:37', 'omar'),
(426, '2022-12-02 20:29:58', 'omar'),
(427, '2022-12-02 20:30:18', 'omar'),
(428, '2022-12-02 20:30:34', 'omar'),
(429, '2022-12-02 20:31:03', 'omar'),
(430, '2022-12-02 20:31:42', 'omar'),
(431, '2022-12-02 20:32:25', 'omar'),
(432, '2022-12-02 20:36:31', 'omar'),
(433, '2022-12-02 20:36:42', 'omar'),
(434, '2022-12-02 20:37:23', 'omar'),
(435, '2022-12-02 20:40:27', 'omar'),
(436, '2022-12-02 20:43:41', 'omar'),
(437, '2022-12-02 20:44:03', 'omar'),
(438, '2022-12-02 20:44:15', 'omar'),
(439, '2022-12-02 20:48:15', 'omar'),
(440, '2022-12-02 20:48:31', 'omar'),
(441, '2022-12-02 20:51:37', 'omar'),
(442, '2022-12-02 20:51:49', 'omar'),
(443, '2022-12-02 20:53:18', 'omar'),
(444, '2022-12-02 20:53:30', 'omar'),
(445, '2022-12-02 20:53:52', 'omar'),
(446, '2022-12-02 20:54:13', 'omar'),
(447, '2022-12-02 20:54:44', 'omar'),
(448, '2022-12-02 20:58:47', 'omar'),
(449, '2022-12-02 20:59:04', 'omar'),
(450, '2022-12-02 20:59:35', 'omar'),
(451, '2022-12-02 20:59:51', 'omar'),
(452, '2022-12-02 21:00:41', 'omar'),
(453, '2022-12-02 21:01:09', 'omar'),
(454, '2022-12-02 21:03:22', 'omar'),
(455, '2022-12-02 21:04:23', 'omar'),
(456, '2022-12-02 21:05:11', 'omar'),
(457, '2022-12-02 21:05:29', 'omar'),
(458, '2022-12-02 21:05:42', 'omar'),
(459, '2022-12-02 21:06:53', 'omar'),
(460, '2022-12-02 21:07:47', 'omar'),
(461, '2022-12-02 21:08:09', 'omar'),
(462, '2022-12-02 21:09:29', 'omar'),
(463, '2022-12-02 21:14:39', 'omar'),
(464, '2022-12-02 21:15:44', 'omar'),
(465, '2022-12-02 21:16:01', 'omar'),
(466, '2022-12-02 21:16:16', 'omar'),
(467, '2022-12-02 21:52:44', 'omar'),
(468, '2022-12-02 21:53:33', 'omar'),
(469, '2022-12-02 22:31:51', 'omar'),
(470, '2022-12-02 22:32:10', 'omar'),
(471, '2022-12-02 22:32:22', 'omar'),
(472, '2022-12-02 22:39:53', 'omar'),
(473, '2022-12-02 22:40:24', 'omar'),
(474, '2022-12-02 22:44:19', 'omar'),
(475, '2022-12-02 22:45:41', 'omar'),
(476, '2022-12-02 22:50:55', 'omar'),
(477, '2022-12-02 22:52:25', 'omar'),
(478, '2022-12-02 22:59:28', 'omar'),
(479, '2022-12-02 23:00:01', 'omar'),
(480, '2022-12-02 23:02:44', 'ahmed'),
(481, '2022-12-02 23:03:16', 'omar'),
(482, '2022-12-02 23:03:29', 'omar'),
(483, '2022-12-02 23:03:44', 'omar'),
(484, '2022-12-02 23:05:23', 'omar'),
(485, '2022-12-02 23:05:39', 'omar'),
(486, '2022-12-02 23:05:57', 'omar'),
(487, '2022-12-02 23:06:20', 'omar'),
(488, '2022-12-02 23:10:01', 'omar'),
(489, '2022-12-02 23:11:10', 'omar'),
(490, '2022-12-02 23:11:40', 'omar'),
(491, '2022-12-02 23:12:18', 'omar'),
(492, '2022-12-02 23:12:52', 'omar'),
(493, '2022-12-02 23:13:51', 'omar'),
(494, '2022-12-02 23:19:55', 'omar'),
(495, '2022-12-02 23:21:00', 'ahmed'),
(496, '2022-12-02 23:22:56', 'omar'),
(497, '2022-12-02 23:23:46', 'omar'),
(498, '2022-12-02 23:24:41', 'omar'),
(499, '2022-12-02 23:29:32', 'omar'),
(500, '2022-12-02 23:29:51', 'omar'),
(501, '2022-12-02 23:30:01', 'omar'),
(502, '2022-12-02 23:34:20', 'omar'),
(503, '2022-12-02 23:34:27', 'omar'),
(504, '2022-12-02 23:42:12', 'omar'),
(505, '2022-12-02 23:44:24', 'omar'),
(506, '2022-12-02 23:45:44', 'omar'),
(507, '2022-12-02 23:46:11', 'omar'),
(508, '2022-12-02 23:51:03', 'omar'),
(509, '2022-12-02 23:51:43', 'omar'),
(510, '2022-12-02 23:52:37', 'omar'),
(511, '2022-12-02 23:53:12', 'omar'),
(512, '2022-12-02 23:53:59', 'omar'),
(513, '2022-12-02 23:55:13', 'omar'),
(514, '2022-12-02 23:56:02', 'omar'),
(515, '2022-12-02 23:56:59', 'omar'),
(516, '2022-12-02 23:57:19', 'omar'),
(517, '2022-12-03 00:00:12', 'omar'),
(518, '2022-12-03 00:00:30', 'omar'),
(519, '2022-12-03 00:03:22', 'omar'),
(520, '2022-12-03 00:03:47', 'omar'),
(521, '2022-12-03 00:07:36', 'omar'),
(522, '2022-12-03 00:10:56', 'omar'),
(523, '2022-12-03 00:11:14', 'omar'),
(524, '2022-12-03 00:11:29', 'omar'),
(525, '2022-12-03 00:11:50', 'omar'),
(526, '2022-12-03 00:12:03', 'omar'),
(527, '2022-12-03 00:12:14', 'omar'),
(528, '2022-12-03 00:12:34', 'omar'),
(529, '2022-12-03 00:15:23', 'omar'),
(530, '2022-12-03 00:49:58', 'omar'),
(531, '2022-12-03 00:51:09', 'omar'),
(532, '2022-12-03 00:52:00', 'omar'),
(533, '2022-12-03 13:10:13', 'omar'),
(534, '2022-12-03 13:10:23', 'omar'),
(535, '2022-12-03 13:13:04', 'omar'),
(536, '2022-12-03 13:16:50', 'abdo'),
(537, '2022-12-03 13:17:12', 'omar'),
(538, '2022-12-03 14:34:55', 'omar'),
(539, '2022-12-03 15:35:18', 'omar'),
(540, '2022-12-03 15:35:31', 'omar'),
(541, '2022-12-04 17:58:26', 'omar'),
(542, '2022-12-04 18:23:37', 'omar'),
(543, '2022-12-04 18:24:11', 'ahmed');

-- --------------------------------------------------------

--
-- Structure de la table `concerne_pro`
--

CREATE TABLE `concerne_pro` (
  `ref_comm` int(11) DEFAULT NULL,
  `qte` int(11) NOT NULL,
  `id` int(11) DEFAULT NULL
) ENGINE=InnoDB DEFAULT CHARSET=utf8mb4;

--
-- Déchargement des données de la table `concerne_pro`
--

INSERT INTO `concerne_pro` (`ref_comm`, `qte`, `id`) VALUES
(263, 1, 2),
(263, 1, 2),
(263, 1, 2),
(264, 1, 1),
(264, 1, 5),
(264, 3, 6),
(265, 1, 1),
(265, 1, 2),
(265, 1, 6),
(265, 2, 7),
(268, 1, 1),
(268, 1, 5),
(268, 1, 6),
(268, 1, 7),
(268, 2, 8),
(269, 1, 1),
(269, 1, 5),
(269, 1, 6),
(269, 2, 7),
(270, 1, 1),
(270, 1, 5),
(270, 1, 6),
(270, 1, 7),
(270, 1, 8),
(270, 2, 16),
(271, 1, 1),
(271, 1, 5),
(271, 2, 6),
(272, 1, 1),
(273, 2, 1),
(274, 1, 1),
(277, 1, 1),
(278, 1, 1),
(280, 1, 1),
(281, 1, 1),
(282, 1, 1),
(283, 1, 1),
(284, 1, 1),
(285, 1, 1),
(286, 1, 1),
(287, 1, 1),
(288, 1, 1),
(289, 1, 1),
(290, 1, 1),
(291, 1, 1),
(292, 1, 1),
(293, 1, 1),
(294, 1, 1),
(295, 1, 1),
(296, 1, 1),
(297, 1, 1),
(298, 1, 1),
(299, 1, 1),
(300, 1, 1),
(301, 1, 1),
(302, 1, 1),
(303, 2, 9),
(304, 2, 9),
(305, 2, 9),
(306, 2, 9),
(307, 2, 1),
(307, 3, 2),
(308, 2, 1),
(308, 3, 2),
(309, 2, 1),
(309, 3, 2),
(310, 2, 1),
(310, 3, 2),
(311, 2, 1),
(311, 3, 2),
(312, 2, 1),
(312, 3, 2),
(313, 1, 1),
(313, 2, 6),
(313, 1, 7),
(314, 1, 1),
(315, 1, 1),
(316, 1, 1),
(317, 1, 1),
(318, 1, 1),
(319, 1, 1),
(322, 1, 1),
(323, 1, 1),
(324, 1, 1),
(325, 1, 1),
(326, 1, 1),
(327, 1, 1),
(328, 1, 1),
(329, 1, 1),
(330, 1, 1),
(331, 1, 1),
(332, 1, 1),
(333, 1, 1),
(334, 1, 1),
(335, 1, 1),
(336, 1, 1),
(337, 1, 1),
(338, 1, 1),
(339, 1, 1),
(340, 1, 1),
(341, 1, 1),
(342, 1, 1),
(343, 2, 1),
(344, 2, 1),
(345, 1, 1),
(346, 1, 1),
(346, 2, 6),
(347, 2, 1),
(347, 3, 10),
(348, 1, 1),
(349, 2, 1),
(350, 1, 1),
(351, 1, 23),
(352, 1, 1),
(353, 1, 1),
(353, 2, 12),
(354, 3, 12),
(355, 1, 1),
(355, 1, 6),
(355, 1, 3),
(355, 1, 7),
(355, 3, 12),
(355, 1, 14),
(355, 3, 16),
(359, 2, 2),
(359, 1, 6),
(359, 1, 8),
(359, 1, 13),
(359, 3, 22),
(360, 1, 1),
(360, 1, 16),
(360, 2, 20),
(361, 1, 1),
(362, 1, 1),
(363, 1, 1),
(364, 1, 1),
(365, 1, 1),
(365, 2, 2),
(366, 2, 1),
(366, 1, 6),
(367, 2, 1),
(367, 1, 5),
(368, 2, 12),
(368, 1, 9),
(369, 1, 9),
(369, 2, 12),
(370, 1, 1),
(370, 1, 6),
(371, 1, 1),
(371, 1, 23),
(372, 2, 12),
(373, 1, 1),
(374, 1, 1),
(374, 1, 5),
(375, 1, 1),
(376, 1, 1),
(377, 1, 1),
(377, 1, 23),
(378, 1, 23),
(379, 1, 3),
(380, 1, 5),
(381, 1, 1),
(381, 1, 6),
(381, 1, 10),
(381, 1, 16),
(382, 2, 1),
(383, 1, 1),
(383, 1, 23),
(385, 1, 1),
(385, 1, 6),
(385, 1, 10),
(385, 1, 12),
(385, 1, 3),
(385, 1, 2),
(385, 1, 5),
(385, 1, 9),
(385, 1, 14),
(386, 1, 14),
(387, 1, 14),
(388, 1, 23),
(389, 2, 1),
(389, 1, 12),
(390, 5, 12),
(391, 2, 22),
(391, 1, 5),
(392, 1, 9),
(393, 2, 1),
(393, 4, 22),
(394, 1, 1),
(394, 2, 22),
(395, 1, 23),
(395, 4, 20),
(396, 1, 1),
(397, 1, 3),
(397, 2, 12),
(398, 1, 1),
(398, 2, 5),
(399, 1, 1),
(400, 1, 1),
(400, 2, 6),
(401, 1, 22),
(402, 1, 3),
(403, 2, 22),
(403, 2, 12),
(404, 1, 1),
(404, 2, 6),
(405, 1, 1),
(405, 4, 16),
(406, 1, 14),
(406, 3, 16),
(407, 1, 23),
(408, 2, 4),
(409, 2, 2),
(409, 1, 7),
(409, 1, 8),
(409, 1, 9),
(409, 2, 14),
(409, 2, 23),
(410, 1, 1),
(411, 1, 4),
(412, 1, 4),
(413, 1, 5),
(414, 1, 12),
(415, 1, 1),
(415, 1, 16),
(415, 1, 20),
(416, 1, 14),
(416, 2, 16),
(416, 1, 23),
(417, 1, 1),
(417, 1, 23),
(417, 2, 16),
(418, 6, 1),
(419, 1, 1),
(419, 2, 2),
(420, 1, 1),
(421, 1, 1),
(421, 2, 2),
(421, 2, 6),
(422, 1, 1),
(423, 1, 6),
(423, 2, 3),
(424, 5, 1),
(424, 1, 7),
(424, 1, 6),
(424, 2, 10),
(425, 1, 1),
(425, 2, 9),
(426, 2, 1),
(426, 1, 2),
(427, 1, 23),
(428, 1, 23),
(428, 2, 2),
(429, 2, 12),
(430, 1, 4),
(430, 2, 5),
(430, 2, 22),
(431, 1, 10),
(431, 2, 2),
(432, 1, 16),
(433, 1, 5),
(434, 1, 14),
(434, 1, 23),
(434, 2, 2),
(435, 1, 1),
(435, 2, 2),
(435, 1, 14),
(436, 1, 20),
(437, 2, 23),
(438, 1, 1),
(438, 2, 6),
(439, 1, 1),
(440, 1, 1),
(441, 1, 2),
(441, 2, 3),
(441, 2, 7),
(442, 1, 1),
(443, 1, 1),
(443, 2, 5),
(444, 1, 12),
(444, 2, 13),
(445, 1, 1),
(445, 2, 6),
(445, 1, 9),
(445, 2, 3),
(446, 1, 4),
(447, 1, 1),
(447, 2, 3),
(447, 3, 6),
(448, 1, 1),
(448, 2, 2),
(449, 1, 14),
(449, 2, 10),
(450, 1, 6),
(450, 1, 10),
(451, 1, 5),
(451, 2, 10),
(452, 1, 9),
(452, 3, 14),
(453, 1, 1),
(453, 2, 5),
(453, 3, 6),
(453, 1, 7),
(453, 1, 4),
(453, 2, 13),
(455, 1, 7),
(455, 1, 4),
(456, 2, 23),
(456, 1, 22),
(457, 1, 1),
(457, 2, 2),
(457, 3, 3),
(458, 1, 1),
(458, 2, 2),
(458, 3, 3),
(459, 1, 1),
(459, 2, 2),
(459, 3, 3),
(459, 3, 5),
(459, 2, 6),
(460, 1, 14),
(460, 1, 20),
(460, 1, 22),
(460, 2, 23),
(461, 1, 2),
(461, 2, 10),
(461, 1, 16),
(461, 1, 14),
(461, 2, 23),
(462, 1, 1),
(462, 2, 5),
(462, 3, 6),
(463, 1, 4),
(463, 2, 6),
(463, 1, 2),
(463, 1, 1),
(463, 1, 5),
(463, 1, 7),
(463, 1, 8),
(463, 1, 13),
(464, 1, 10),
(465, 6, 10),
(466, 1, 7),
(466, 1, 12),
(466, 1, 20),
(466, 1, 13),
(466, 1, 22),
(467, 1, 1),
(467, 2, 2),
(467, 3, 3),
(468, 1, 1),
(468, 2, 5),
(468, 3, 6),
(468, 1, 7),
(468, 2, 16),
(469, 1, 1),
(470, 1, 16),
(471, 1, 1),
(471, 1, 5),
(472, 1, 1),
(472, 2, 2),
(473, 2, 12),
(473, 1, 13),
(473, 1, 1),
(474, 1, 1),
(474, 2, 5),
(475, 1, 1),
(475, 1, 6),
(475, 1, 10),
(475, 2, 23),
(476, 1, 1),
(476, 2, 6),
(476, 2, 3),
(477, 1, 1),
(478, 1, 1),
(478, 1, 10),
(478, 2, 16),
(478, 1, 14),
(479, 1, 1),
(479, 1, 9),
(479, 1, 10),
(480, 1, 1),
(481, 1, 1),
(482, 1, 1),
(482, 2, 10),
(483, 1, 1),
(483, 2, 5),
(483, 1, 9),
(484, 1, 1),
(485, 1, 1),
(485, 2, 6),
(486, 1, 23),
(486, 1, 13),
(486, 2, 4),
(487, 1, 1),
(487, 1, 5),
(487, 2, 9),
(487, 1, 6),
(487, 1, 16),
(488, 1, 1),
(488, 2, 2),
(488, 1, 5),
(488, 1, 12),
(489, 1, 1),
(489, 2, 23),
(489, 3, 10),
(490, 1, 1),
(490, 1, 2),
(490, 1, 3),
(490, 2, 16),
(491, 1, 1),
(491, 1, 14),
(491, 1, 9),
(491, 1, 5),
(491, 1, 2),
(491, 2, 16),
(492, 1, 1),
(492, 1, 2),
(492, 1, 3),
(493, 2, 12),
(493, 1, 14),
(495, 1, 1),
(495, 2, 5),
(495, 1, 16),
(496, 1, 1),
(496, 2, 23),
(497, 1, 1),
(497, 2, 2),
(497, 1, 3),
(498, 1, 3),
(498, 3, 16),
(499, 1, 1),
(499, 1, 5),
(499, 1, 9),
(499, 1, 14),
(500, 1, 1),
(501, 1, 1),
(501, 1, 5),
(501, 2, 6),
(502, 1, 1),
(502, 2, 9),
(502, 1, 10),
(503, 1, 1),
(503, 2, 9),
(503, 1, 10),
(504, 1, 1),
(505, 1, 1),
(506, 1, 1),
(506, 2, 6),
(507, 1, 1),
(507, 2, 2),
(507, 1, 10),
(508, 1, 1),
(509, 1, 1),
(509, 1, 23),
(509, 1, 16),
(510, 1, 1),
(511, 2, 1),
(511, 2, 10),
(512, 1, 1),
(512, 2, 5),
(513, 1, 1),
(513, 2, 2),
(514, 1, 1),
(514, 2, 23),
(514, 1, 14),
(515, 1, 1),
(515, 2, 10),
(516, 1, 23),
(516, 1, 20),
(516, 2, 12),
(517, 1, 1),
(517, 2, 2),
(517, 1, 5),
(518, 1, 1),
(518, 1, 2),
(518, 1, 3),
(518, 1, 4),
(519, 1, 1),
(519, 1, 6),
(519, 1, 2),
(520, 1, 1),
(520, 2, 5),
(520, 3, 6),
(520, 1, 7),
(520, 1, 8),
(520, 1, 13),
(520, 1, 12),
(520, 1, 10),
(520, 1, 14),
(521, 1, 1),
(521, 2, 5),
(521, 3, 6),
(521, 1, 7),
(521, 1, 8),
(521, 1, 13),
(521, 1, 12),
(521, 1, 10),
(521, 1, 14),
(522, 1, 1),
(522, 2, 5),
(522, 3, 6),
(522, 1, 7),
(522, 1, 8),
(522, 1, 13),
(522, 1, 12),
(522, 1, 10),
(522, 1, 14),
(523, 1, 1),
(523, 2, 5),
(523, 3, 6),
(523, 1, 7),
(523, 1, 8),
(523, 1, 13),
(523, 1, 12),
(523, 1, 10),
(523, 1, 14),
(524, 1, 1),
(524, 2, 5),
(524, 3, 6),
(524, 1, 7),
(524, 1, 8),
(524, 1, 13),
(524, 1, 12),
(524, 1, 10),
(524, 1, 14),
(525, 1, 1),
(525, 2, 5),
(525, 3, 6),
(525, 1, 7),
(525, 1, 8),
(525, 1, 13),
(525, 1, 12),
(525, 1, 10),
(525, 1, 14),
(526, 1, 1),
(526, 2, 5),
(526, 3, 6),
(526, 1, 7),
(526, 1, 8),
(526, 1, 13),
(526, 1, 12),
(526, 1, 10),
(526, 1, 14),
(527, 1, 1),
(527, 2, 5),
(527, 3, 6),
(527, 1, 7),
(527, 1, 8),
(527, 1, 13),
(527, 1, 12),
(527, 1, 10),
(527, 1, 14),
(528, 1, 1),
(528, 2, 5),
(528, 3, 6),
(528, 1, 7),
(528, 1, 8),
(528, 1, 13),
(528, 1, 12),
(528, 1, 10),
(528, 1, 14),
(529, 1, 1),
(529, 2, 5),
(529, 3, 6),
(529, 1, 7),
(529, 1, 8),
(529, 1, 13),
(529, 1, 12),
(529, 1, 10),
(529, 1, 14),
(530, 1, 1),
(530, 1, 23),
(530, 1, 10),
(530, 1, 2),
(530, 1, 3),
(530, 1, 4),
(530, 1, 8),
(530, 1, 12),
(530, 3, 13),
(531, 1, 1),
(531, 1, 2),
(531, 1, 3),
(531, 1, 6),
(532, 1, 1),
(532, 1, 2),
(532, 1, 3),
(532, 1, 6),
(535, 1, 2),
(535, 1, 1),
(535, 1, 5),
(535, 1, 6),
(535, 1, 7),
(535, 1, 8),
(535, 1, 4),
(536, 1, 1),
(536, 1, 5),
(537, 2, 1),
(537, 1, 6),
(537, 3, 10),
(538, 1, 5),
(538, 1, 9),
(538, 1, 6),
(538, 1, 10),
(538, 1, 12),
(538, 1, 16),
(539, 1, 1),
(540, 1, 1),
(540, 1, 9),
(541, 1, 1),
(541, 1, 2),
(541, 1, 6),
(541, 1, 5),
(541, 1, 9),
(541, 1, 10),
(541, 1, 8),
(542, 1, 9),
(542, 1, 1),
(542, 1, 2),
(542, 1, 3),
(543, 1, 1);

-- --------------------------------------------------------

--
-- Structure de la table `produit`
--

CREATE TABLE `produit` (
  `id` int(11) NOT NULL,
  `nom_p` varchar(255) NOT NULL,
  `prix_u` float DEFAULT NULL
) ENGINE=InnoDB DEFAULT CHARSET=utf8mb4;

--
-- Déchargement des données de la table `produit`
--

INSERT INTO `produit` (`id`, `nom_p`, `prix_u`) VALUES
(1, 'café noir', 10),
(2, 'café créme', 10),
(3, 'café séparé', 10),
(4, 'lait chaud', 9),
(5, 'lait au chocolat', 10),
(6, 'lait au Vereine', 9),
(7, 'ptit thiére', 8),
(8, 'moyen thiére', 9),
(9, 'thé au Vereine', 9),
(10, 'Limonade', 10),
(12, 'Harira', 4),
(13, 'lait au verviene', 10),
(14, 'café allongé', 11),
(16, 'chocolat chaud', 11),
(20, 'café late', 11),
(22, 'Jus d orange', 11),
(23, 'lait au lipton', 10);

-- --------------------------------------------------------

--
-- Structure de la table `serveur`
--

CREATE TABLE `serveur` (
  `id_s` int(11) NOT NULL,
  `nomSer` varchar(255) DEFAULT NULL,
  `tel_S` int(22) DEFAULT NULL,
  `date_de` date DEFAULT NULL
) ENGINE=InnoDB DEFAULT CHARSET=utf8mb4;

--
-- Déchargement des données de la table `serveur`
--

INSERT INTO `serveur` (`id_s`, `nomSer`, `tel_S`, `date_de`) VALUES
(1, 'omar', 707483647, '2022-11-19'),
(3, 'abdo', 611001100, '2022-11-21'),
(4, 'ahmed', 611001100, '2022-11-20'),
(5, 'abdessamed', 660060606, '2022-11-21'),
(6, 'ABDELKBIR', 6060606, '2022-11-21');

--
-- Index pour les tables déchargées
--

--
-- Index pour la table `commande`
--
ALTER TABLE `commande`
  ADD PRIMARY KEY (`ref_comm`),
  ADD KEY `id_s` (`nomSer`) USING BTREE;

--
-- Index pour la table `concerne_pro`
--
ALTER TABLE `concerne_pro`
  ADD KEY `id` (`id`),
  ADD KEY `ref_comm` (`ref_comm`);

--
-- Index pour la table `produit`
--
ALTER TABLE `produit`
  ADD PRIMARY KEY (`id`);

--
-- Index pour la table `serveur`
--
ALTER TABLE `serveur`
  ADD PRIMARY KEY (`id_s`);

--
-- AUTO_INCREMENT pour les tables déchargées
--

--
-- AUTO_INCREMENT pour la table `commande`
--
ALTER TABLE `commande`
  MODIFY `ref_comm` int(11) NOT NULL AUTO_INCREMENT, AUTO_INCREMENT=544;

--
-- AUTO_INCREMENT pour la table `produit`
--
ALTER TABLE `produit`
  MODIFY `id` int(11) NOT NULL AUTO_INCREMENT, AUTO_INCREMENT=25;

--
-- AUTO_INCREMENT pour la table `serveur`
--
ALTER TABLE `serveur`
  MODIFY `id_s` int(11) NOT NULL AUTO_INCREMENT, AUTO_INCREMENT=7;

--
-- Contraintes pour les tables déchargées
--

--
-- Contraintes pour la table `concerne_pro`
--
ALTER TABLE `concerne_pro`
  ADD CONSTRAINT `concerne_pro_ibfk_1` FOREIGN KEY (`id`) REFERENCES `produit` (`id`),
  ADD CONSTRAINT `concerne_pro_ibfk_2` FOREIGN KEY (`ref_comm`) REFERENCES `commande` (`ref_comm`);
COMMIT;

/*!40101 SET CHARACTER_SET_CLIENT=@OLD_CHARACTER_SET_CLIENT */;
/*!40101 SET CHARACTER_SET_RESULTS=@OLD_CHARACTER_SET_RESULTS */;
/*!40101 SET COLLATION_CONNECTION=@OLD_COLLATION_CONNECTION */;
